isin,pays,lei,nom,categorie_hors_v1,cfi,cat_ab
SE0020679025,SE,549300JU09ZVKDV4M394,Real Fastigheter,foncière/REIT,ESEUFR,B
DK0060135978,DK,549300XYJTDGWLM77720,Hvidbjerg Bank A/S,banque,ESRUFN,A
SE0010714287,SE,213800CHXQQD7TSS1T59,Corem Property Group AB,foncière/REIT,ESRUFR,A
SE0015961594,SE,213800CHXQQD7TSS1T59,Corem Property Group AB,foncière/REIT,ESRUFR,A
SE0017072259,SE,549300KD3XGX3754UW61,Intea Fastigheter AB ser. B,foncière/REIT,ESRUFR,A
SE0017072267,SE,549300KD3XGX3754UW61,Intea Fastigheter AB ser. D,foncière/REIT,ESRUFR,A
SE0017832488,SE,549300GHKJCEZOAEUU82,Fastighets AB Balder,foncière/REIT,ESRUFR,A
SE0018013658,SE,213800SWOEKEF29R3C35,Fastighets AB Trianon ser. B,foncière/REIT,ESRUFR,A
SE0018534497,SE,549300ZR5SKO2SUDZ692,Tingsvalvet Fastighets AB ser. B,foncière/REIT,ESRUFR,B
SE0025197627,SE,549300DGTCVHL640S069,Logistri Fastighets AB ser. B,foncière/REIT,ESRUFR,B
SI0021117344,SI,5493001BABFV7P27OW30,Nova Ljubljanska Banka d.d. Namens-Aktien (New) o.N.,banque,ESVTFR,A
AT0000606306,AT,9ZHRYM6F437SQJ6OUG95,Raiffeisen Bank International AG,banque,ESVUFB,A+B
AT0000616701,AT,5299007DTNO3X7V1O735,Athos Immobilien AG Inhaber-Aktien o.N.,foncière/REIT,ESVUFB,B
AT0000624705,AT,529900B9P29R8W03IX88,BKS Bank AG SHRS,banque,ESVUFB,A
AT0000625504,AT,5299003ATVTQVPTW4735,BTV Vier Lander Bank AG SHRS,banque,ESVUFB,A
AT0000641352,AT,5299003ICAPV07J0R180,CA Immobilien Anlagen AG,foncière/REIT,ESVUFB,A
AT0000652011,AT,PQOH26KWDF7CG10L6792,Erste Group Bank AG,banque,ESVUFB,A
AT0000821103,AT,529900OOW8ELHOXWZP82,UNIQA Insurance Group AG,assurance,ESVUFB,A+B
AT0000908504,AT,549300JCRU23I1THU176,Vienna Insurance Group AG Wiener Versicherung Gruppe,assurance,ESVUFB,A+B
AT000ADDIKO0,AT,529900UKZBMDBDZIXD62,Addiko Bank AG,banque,ESVUFB,A
CZ0008019106,CZ,IYKCAVNFR8QGF00HV840,Komercni Banka AS,banque,ESVUFB,A
DE0005088108,DE,529900JFOPPEDUR61H13,Baader Bank AG Inhaber-Aktien o.N.,banque,ESVUFB,B
DE0007224008,DE,39120030EZ7RGSUYE488,SEDLMAYR GRUND U.IMMOBILIEN AG Inhaber-Aktien o.N.,foncière/REIT,ESVUFB,B
DE0008303504,DE,529900TAE68USJNXLR59,TAG Immobilien AG,foncière/REIT,ESVUFB,A
DE000A1X3WX6,DE,984500942ABSAN9EC014,ERWE Immobilien AG Inhaber-Aktien o.N.,foncière/REIT,ESVUFB,B
DE000A41YFV4,DE,529900PM60MSRCU5YY60,AGROB Immobilien AG Inhaber-Stammaktien o.N.,foncière/REIT,ESVUFB,A
LU0251710041,LU,222100CO2ZOTEPGJO223,"CPI PROPERTY GROUP S.A. Actions au Porteur EO 0,01",foncière/REIT,ESVUFB,A
LU0775917882,LU,5299002QLUYKK2WBMB18,Grand City Properties SA,foncière/REIT,ESVUFB,A
NL0000488161,NL,549300OY4O3TKH983K47,Mopoli Fond,fonds/SICAV/inv.,ESVUFB,A
PLBGZ0000010,PL,NMH2KF074RKAGTH4CM63,BNP Paribas Bank Polska S.A. Inhaber-Aktien ZY 1,banque,ESVUFB,A
PLBH00000012,PL,XLEZHWWOI4HFQDGL4793,Bank Handlowy w Warszawie S.A. Inhaber-Aktien ZY 4,banque,ESVUFB,A
PLBIG0000016,PL,259400OFDZ9KPZEO8K78,Bank Millennium S.A. Inhaber-Aktien ZY 1,banque,ESVUFB,A
PLBOS0000019,PL,MKP1B7E76TN04CD85Z79,Bank Ochrony Srodowiska S.A. Inhaber-Aktien L ZY 10,banque,ESVUFB,A
BE0003008019,BE,CGYP50QBGGR6NCHTSN68,Banque Nationale de Belgique,banque,ESVUFN,A
BE0974273055,BE,54930096UUTCOUCQDU64,Care Property Invest NV,foncière/REIT,ESVUFN,A
DK0010201532,DK,213800UYAHIRLZ4NSN67,Lan & Spar Bank,banque,ESVUFN,A
DK0010274414,DK,MAES062Z21O4RZ2U7M96,Danske Bank A/S,banque,ESVUFN,A
DK0010295922,DK,549300I3ZBJQDXA7AS20,Skjern Bank AS,banque,ESVUFN,A
DK0010307958,DK,3M5E1GQGKL17HI6CPN30,Jyske Bank A/S,banque,ESVUFN,A
DK0060000107,DK,213800RENLNKMWZV8767,Lollands Bank A/S,banque,ESVUFN,A
DK0060093524,DK,529900BT3M81VV58P678,German High Street Properties,foncière/REIT,ESVUFN,A
DK0060133841,DK,213800BGF1TQB5M6PH65,Mons Bank,banque,ESVUFN,A
DK0060136273,DK,5299005QIT19WQ32N972,Djurslands Bank A/S,banque,ESVUFN,A
DK0060299063,DK,549300JECLPX13NZLU57,Danske Andelskassers Bank A/S,banque,ESVUFN,A
DK0060520377,DK,213800JF3JFF6MMR2P36,Fynske Bank AS,banque,ESVUFN,A
DK0060670776,DK,5493002DPKDEC2JN1Y86,SJF Bank A/S,banque,ESVUFN,A
DK0061805660,DK,636700W3Y3309V1FFE44,Swiss Properties Invest A/S,foncière/REIT,ESVUFN,B
FR0000037475,FR,9695001UXZB531E28C78,CFI-Cie Fonciere Internationale SA,foncière/REIT,ESVUFN,A
FR0000053944,FR,969500HYKS59O76EGA11,Fonciere Volta SA,foncière/REIT,ESVUFN,A
FR0000061475,FR,96950075EH7AW6R0E929,Eurasia Fonciere Investissements,foncière/REIT,ESVUFN,A
FR0000065930,FR,969500KPUJ4J2ZMPWK53,Fonciere 7 Invest,foncière/REIT,ESVUFN,A
FR0010341032,FR,9695000H29HRRE478O62,Fonciere INEA,foncière/REIT,ESVUFN,A
FR0011605617,FR,549300N1ZRO6S90WSG02,Fonciere Vindi SA SHRS,foncière/REIT,ESVUFN,B
NL0014926404,NL,724500SB1LKCXIB6UY42,KEMPEN SUSTAINABLE GLOBAL HIGH DIVIDEND FUND CLASS N,fonds/SICAV/inv.,ESVUFN,A
BG1100001053,BG,549300R6SZ1OYQW7WW55,Bulgarian Real Estate Fund Inhaber-Aktien BW 1,fonds/SICAV/inv.,ESVUFR,A
BG1100001129,BG,529900M0NQ3SK9EFD968,Bulgarian Private Equity Fund AD,fonds/SICAV/inv.,ESVUFR,A
BG1100001186,BG,894500TK97VCKFQHLB76,Bulgarian Receivables Fund SPE,fonds/SICAV/inv.,ESVUFR,A
BG1100001921,BG,529900EKPN8EYA3AX590,CB Texim Bank AD-Sofia,banque,ESVUFR,A+B
BG1100003059,BG,8945007OOQ2U6TI6B579,Aktiv Properties REIT-Plovdiv,foncière/REIT,ESVUFR,A+B
BG1100004206,BG,894500JKVS9GLVK8EM52,Square Cube Properties AD,foncière/REIT,ESVUFR,A
BG1100006060,BG,8945007RAYEW1I44FL03,CEE Properties REIT,foncière/REIT,ESVUFR,A+B
BG1100006177,BG,48510016YC1VH1LQYL11,Glenmoore Capital REIT,foncière/REIT,ESVUFR,A
BG1100007209,BG,98450094A5F97B842F57,Varvara Termal Village REIT,foncière/REIT,ESVUFR,A
BG1100007993,BG,485100QS13G5UXY1W953,NID Industrial Fund AD,fonds/SICAV/inv.,ESVUFR,A
BG1100008157,BG,8945006GYI4SW3SGHD18,Industrial Real Estate Fund REIT,foncière/REIT,ESVUFR,A
BG1100009064,BG,8945008F0KZ4CMXJ7563,Premier Fund REIT-Varna,foncière/REIT,ESVUFR,A+B
BG1100011250,BG,984500527DFFE0462D54,CAMPUS PROPERTY DEVELOPMENT,foncière/REIT,ESVUFR,B
BG1100014049,BG,8945007AIRK7GJ5A4142,Investment Properties /In-Properties/ REIT,foncière/REIT,ESVUFR,A
BG1100014254,BG,894500AUBDFZEWEUMI46,Bravo Home REIT,foncière/REIT,ESVUFR,A
BG1100014973,BG,5299002142DS5ONT5540,Central Cooperative Bank AD Registered Shares BW 1,banque,ESVUFR,A+B
BG1100016051,BG,894500ASGYQ7NB2JCH30,Park REIT,foncière/REIT,ESVUFR,A+B
BG1100016176,BG,8945005OB6T0BWUV7595,Bravo Property Fund REIT-Sofia,foncière/REIT,ESVUFR,A
BG1100017075,BG,485100QLGUAOF44Y8K31,Arco Towers REIT,foncière/REIT,ESVUFR,A
BG1100018057,BG,25490027CZAZKV10Y612,Intercapital Property Development REIT,foncière/REIT,ESVUFR,A+B
BG1100018081,BG,549300I63DJC5LKJYI20,Magenta Investments REIT,foncière/REIT,ESVUFR,A
BG1100020079,BG,894500E313JD6Z5L6910,Real Estates Investment Fund-FINI REIT /in liquidation/,foncière/REIT,ESVUFR,A
BG1100021127,BG,4851003KW1RH3MEWBP48,Reserve Capital REIT /in liquidation/,foncière/REIT,ESVUFR,A
BG1100023230,BG,894500HD4LP7TP901H64,Sustainable Energy Fund JSC,fonds/SICAV/inv.,ESVUFR,B
BG1100024071,BG,894500AO07SY4UI1DD21,Zenith Properties REIT,foncière/REIT,ESVUFR,A
BG1100024238,BG,9845006839C202F79B85,Te-Trade Invest REIT,foncière/REIT,ESVUFR,A
BG1100025052,BG,254900BR919ARUABH387,"Advance Terrafund REIT Inhaber-Aktien EO 0,51",foncière/REIT,ESVUFR,A
BG1100026068,BG,894500DEE7OJ1YCWHD15,Energetics and Energy Savings Fund-FEEI SPV,fonds/SICAV/inv.,ESVUFR,A+B
BG1100026076,BG,8945007RRL26YG3RE916,Roi Property Fund REIT,foncière/REIT,ESVUFR,A+B
BG1100028064,BG,485100WMMWLOHTDN4V03,Capital Holding Group REIT,foncière/REIT,ESVUFR,A
BG1100031068,BG,8945008OK90PXHE1RL82,Sopharma Properties REIT-SofiaInhaber-Aktien BW 1,foncière/REIT,ESVUFR,A
BG1100032082,BG,485100S5F9IYG7QECB46,CM Green Energy Fund AD,fonds/SICAV/inv.,ESVUFR,A+B
BG1100036042,BG,529900RNBJ2OSEC3SC79,Fund Estates REIT,foncière/REIT,ESVUFR,A
BG1100041067,BG,8945007RGHYNOHG03510,Super Borovets Property Fund REIT,foncière/REIT,ESVUFR,A+B
BG1100042057,BG,8945007YP0RQOLYBU974,FairPlay Properties REIT,foncière/REIT,ESVUFR,A
BG1100047056,BG,8945006O70XVW8AS8H53,Bulgarian Investment Group REIT,foncière/REIT,ESVUFR,A
BG1100057063,BG,894500AYMOOX6K9PIP24,Forucom Real Estate Fund REIT,foncière/REIT,ESVUFR,A
BG1100060075,BG,8945008K3I3GF0TJSH52,PRC REIT,foncière/REIT,ESVUFR,A
BG1100062063,BG,485100YJ8WH8ICT88O38,Elana Agricultural Land Fund REIT,foncière/REIT,ESVUFR,A
BG1100065074,BG,747800L06EZEDS8EYS35,SLS Realty REIT,foncière/REIT,ESVUFR,A+B
BG1100067054,BG,549300SHNX43RBL8CG15,Bulland Investments REIT,foncière/REIT,ESVUFR,A+B
BG1100069068,BG,485100RL5O0VM53XN446,ERG Capital-3 REIT,foncière/REIT,ESVUFR,A
BG1100072070,BG,485100Y40C7RP3I7ON80,Bolkan Property Instruments REIT,foncière/REIT,ESVUFR,A
BG1100074076,BG,485100YD4DGH2NGSSO15,Premium Property Invest REIT,foncière/REIT,ESVUFR,A
BG1100083069,BG,89450072Z5NL6FZ71T41,Exclusive Property REIT,foncière/REIT,ESVUFR,A+B
BG1100084075,BG,8945008OVC497G1T2P47,Sopharma Buildings REIT-Sofia,foncière/REIT,ESVUFR,A
BG1100098059,BG,529900UTZ5VF4APIJR57,CB Bulgarian American Credit Bank AD,banque,ESVUFR,A
BG1100099065,BG,8945008G3DTHTI8OS118,Balkan and Sea Properties REITRegistered Shares BW 1,foncière/REIT,ESVUFR,A+B
BG1100101069,BG,8945006LF922EKCYGH46,Real Estate Sofia REIT,foncière/REIT,ESVUFR,A+B
BG1100102059,BG,485100YG4NB45TUTM905,Quantum Developments REIT,foncière/REIT,ESVUFR,A
BG1100102067,BG,8945009SWIVV6LUF7522,Puldin Properties Invest REIT,foncière/REIT,ESVUFR,A
BG1100106050,BG,549300UY81ESCZJ0GR95,First Investment Bank A.D. Registered Shares BW 1,banque,ESVUFR,A
BG1100108064,BG,894500A2ANDP4GZ24114,HBG Investment Property Fund REIT,foncière/REIT,ESVUFR,A
BG1100109039,BG,894500AQ5THP2L4CJ521,Prime Property BG REIT-Sofia,foncière/REIT,ESVUFR,A
BG1100111076,BG,8945007TGK3MZ8QFLD65,Alteron REIT-Varna,foncière/REIT,ESVUFR,A+B
BG1100120051,BG,8945007COD8YE9RL9T06,Grand Vision Properties REIT,foncière/REIT,ESVUFR,A+B
BG1100144077,BG,485100H6AN8TYLHFIS38,Emirates Properties REIT,foncière/REIT,ESVUFR,A
BG11KAJMAT16,BG,485100QKUD4PL7P9IV45,TK-Properties AD,foncière/REIT,ESVUFR,A
CY0000960316,CY,529900VQA3SYOTJKL584,MINERVA INSURANCE COMPANY PUBLIC LTD,assurance,ESVUFR,A
CY0002700611,CY,213800Q3IWCJVHEJWL31,WOOLWORTH (CYPRUS) PROPERTIES PLC,foncière/REIT,ESVUFR,A
CY0005220310,CY,2138006PEHZTJLNAPC69,COSMOS INSURANCE PUBLIC COMPANY LTD,assurance,ESVUFR,A
CY0005770710,CY,21380045SZ5TC6QV4H71,CLR INVESTMENT FUND PUBLIC LTD,fonds/SICAV/inv.,ESVUFR,A
CY0006010314,CY,213800ZUWYFW5BADU685,ATLANTIC INSURANCE COMPANY PUBLIC LTD,assurance,ESVUFR,A
CY0006710210,CY,213800IRBPO3GEQ5VV77,ACTIBOND GROWTH FUND PUBLIC COMPANY LTD,fonds/SICAV/inv.,ESVUFR,A
CY0101271712,CY,213800MISUMZIRAMU666,Constantinou Bros Properties Plc,foncière/REIT,ESVUFR,B
CY0105570119,CY,CXUHEGU3MADZ2CEV7C11,HELLENIC BANK PUBLIC COMPANY LTD,banque,ESVUFR,A
CY0107310316,CY,213800H5387RCKJEPP96,LIBERTY LIFE INSURANCE PUBLIC COMPANY LTD,assurance,ESVUFR,A
CY0109271714,CY,213800LA94BGTAQ6SZ16,P.G. ECONOMIDES PROPERTIES PLC,foncière/REIT,ESVUFR,B
CZ0008040318,CZ,I6USJ58BDV2BO5KP3C31,Moneta Money Bank AS,banque,ESVUFR,A+B
DE0005140008,DE,7LTWFZYICNSX8D621K86,Deutsche Bank AG,banque,ESVUFR,A+B
DE000A1YC913,DE,967600LT9MY90VC0Y128,FCR Immobilien AG Namens-Aktien o.N.,foncière/REIT,ESVUFR,B
DE000A40ZUV2,DE,529900BIK4WRWS06MR52,Ascory Bank AG Namens-Aktien o.N.,banque,ESVUFR,B
DE000LEG1110,DE,391200SO40AKONBO0Z96,LEG Immobilien AG,foncière/REIT,ESVUFR,A
DE000PAT1AG3,DE,5299002NZCMF1NIHZ018,PATRIZIA Immobilien AG,foncière/REIT,ESVUFR,A
EE3100003443,EE,549300EVKRFJ9KNYZ593,AS Trigon Property Development Registered Shares o.N.,foncière/REIT,ESVUFR,A
EE3100127242,EE,4851000008JBI71L7643,EfTEN Real Estate Fund share,fonds/SICAV/inv.,ESVUFR,A
ES0105015012,ES,9598002PHMH00MHN3741,Helios RE Socimi SA,foncière/REIT,ESVUFR,B
ES0105025003,ES,959800L8KD863DP30X04,Merlin Properties Socimi SA,foncière/REIT,ESVUFR,A
ES0105071007,ES,959800GM7TTWNSFD3X80,"FIDERE PATRIMONIO SOCIMI, S.A.",foncière/REIT,ESVUFR,B
ES0105080008,ES,9598006L0W3FKJ0Z1955,"ZAMBAL SPAIN SOCIMI, S.A.",foncière/REIT,ESVUFR,B
ES0105098000,ES,959800A2C0PRPQQQLV26,"JABA I INVERSIONES INMOBILIARIAS SOCIMI, S.A.",foncière/REIT,ESVUFR,B
ES0105120002,ES,95980009U0AGHB87ZD21,"INVERSIONES DOALCA SOCIMI, S.A.",foncière/REIT,ESVUFR,B
ES0105134011,ES,95980020140005860917,"GMP PROPERTY SOCIMI, S.A.",foncière/REIT,ESVUFR,B
ES0105139002,ES,959800A98MK74LQF6U49,"VITRUVIO REAL ESTATE SOCIMI, S.A.",foncière/REIT,ESVUFR,B
ES0105150009,ES,959800SM8G3NHEY4Q880,"QUONIA SOCIMI, S.A.",foncière/REIT,ESVUFR,B
ES0105153003,ES,95980020140005880317,"ISC FRESH WATER INVESTMENT SOCIMI, S.A.",foncière/REIT,ESVUFR,B
ES0105174009,ES,959800Y0G48YBJ28J961,"OPTIMUM RE SPAIN SOCIMI, S.A.",foncière/REIT,ESVUFR,B
ES0105175006,ES,959800MC9EM06Q1U1594,"EURO CERVANTES SOCIMI, S.A.U.",foncière/REIT,ESVUFR,B
ES0105196002,ES,959800X1MGWGZZW5ZS47,"VBARE IBERIAN PROPERTIES, SOCIMI, S.A.",foncière/REIT,ESVUFR,B
ES0105210019,ES,9598000T5LMLE960EV70,"TESTA RESIDENCAL SOCIMI, S.A.",foncière/REIT,ESVUFR,B
ES0105224002,ES,959800S4FGX6MTKQCY69,"OLIMPO REAL ESTATE SOCIMI, S.A.",foncière/REIT,ESVUFR,B
ES0105226007,ES,959800N1Y60LVYQ02D71,"TARJAR XAIRO SOCIMI, S.A",foncière/REIT,ESVUFR,B
ES0105265005,ES,959800Z7V219BMD66Z41,"NUMULAE GESTION DE SERVICIOS SOCIMI, S.A.",foncière/REIT,ESVUFR,B
ES0105272001,ES,959800RXT0FL4QQSA732,"AM LOCALES PROPERTY SOCIMI, S.A.",foncière/REIT,ESVUFR,B
ES0105273009,ES,959800FY7806X4PABS55,"GOP PROPERTIES SOCIMI, S.A.",foncière/REIT,ESVUFR,B
ES0105281002,ES,959800PB0XSNU7G96490,"ELAIA INVESTMENT SPAIN SOCIMI, S.A.",foncière/REIT,ESVUFR,B
ES0105284006,ES,95980099DN0V9PA0X444,"BARCINO PROPERTY SOCIMI, S.A.",foncière/REIT,ESVUFR,B
ES0105290003,ES,959800GUST4NKA11XZ85,"GALIL CAPITAL RE SPAIN SOCIMI, S.A.",foncière/REIT,ESVUFR,B
ES0105313003,ES,959800NF3RD6G9CXMS41,"MERIDIA REAL ESTATE III SOCIMI, S.A.",foncière/REIT,ESVUFR,B
ES0105314001,ES,9598005J5A5D9L2HTR89,"TANDER INVERSIONES SOCIMI, S.A.",foncière/REIT,ESVUFR,B
ES0105317004,ES,959800R5DX8J694CDA62,"SERRANO 61 DESARROLLO SOCIMI, S.A",foncière/REIT,ESVUFR,B
ES0105318002,ES,959800T4S6UAZ061LD69,"ATOM HOTELES SOCIMI, S.A.",foncière/REIT,ESVUFR,B
ES0105323002,ES,959800E83WSCY8GWBA96,"TEMPORE PROPERTIES SOCIMI, S.A",foncière/REIT,ESVUFR,B
ES0105325007,ES,9598006Y04RTGRJJGH69,"AP67 SOCIMI, S.A.",foncière/REIT,ESVUFR,B
ES0105330007,ES,959800UTZNST8TM6LQ73,"VERACRUZ PROPERTIES SOCIMI, S.A.",foncière/REIT,ESVUFR,B
ES0105360004,ES,959800JVUV73RBP8H866,"CASTELLANA PROPERTIES SOCIMI, S.A.",foncière/REIT,ESVUFR,B
ES0105362000,ES,959800JYJ13RKB5UER51,Barings Core Spain SOCIMI SA SHRS,foncière/REIT,ESVUFR,B
ES0105373007,ES,959800GAV8TP5N1GLR12,"AZARIA RENTAL SOCIMI, S.A.",foncière/REIT,ESVUFR,B
ES0105376059,ES,959800K5R280DP2B5694,Arima Real Estate SOCIMI SA,foncière/REIT,ESVUFR,A
ES0105379004,ES,959800XFMRNZDDUGQW09,"HISPANOTELS INVERSIONES SOCIMI, S.A.",foncière/REIT,ESVUFR,B
ES0105383006,ES,959800NQJJ9Z0WX4KQ93,"ARRIENDA RENTAL PROPERTIES SOCIMI ,S.A",foncière/REIT,ESVUFR,B
ES0105384004,ES,9598005T6GGLNDNFJQ20,"VIVENIO RESIDENCIAL SOCIMI , S.A",foncière/REIT,ESVUFR,B
ES0105389003,ES,95980076R4WYKTV45U37,INVERSA PRIME SOCIMI S.A,foncière/REIT,ESVUFR,B
ES0105391009,ES,959800NW3L4NY4LA4E13,"INMOBILIARIA PARK ROSE IBEROAMERICANA SOCIMI, S.A",foncière/REIT,ESVUFR,B
ES0105392007,ES,959800F6LSSTENRFU129,"URBAN VIEW DEVELOPMENT SPAIN SOCIMI, S.A.",foncière/REIT,ESVUFR,B
ES0105405007,ES,959800GRWMVFRUFJ3P28,Adriano Care Socimi SA Acciones Nominativas EO 1,foncière/REIT,ESVUFR,B
ES0105407003,ES,9598000L9L105M8ZYD72,Hotei Properties Group Socimi SHRS,foncière/REIT,ESVUFR,B
ES0105413001,ES,959800J7TGTZ0G26CV59,"INBEST PRIME I INMUEBLES SOCIMI, S.A.",foncière/REIT,ESVUFR,B
ES0105414009,ES,959800T68CVM7YBHET12,"INBEST PRIME II INMUEBLES SOCIMI, S.A.",foncière/REIT,ESVUFR,B
ES0105415006,ES,959800F93PPPW1UPZ164,"INBEST PRIME III INMUEBLES SOCIMI, S.A.",foncière/REIT,ESVUFR,B
ES0105416004,ES,959800UYJYN20G3UXB26,"INBEST PRIME IV INMUEBLES SOCIMI, S.A.",foncière/REIT,ESVUFR,B
ES0105417002,ES,959800YD6W3WJ4WLGF68,Iposa Properties Socimi SA SHRS,foncière/REIT,ESVUFR,B
ES0105421004,ES,254900SZP54JS5N77V37,"TRIVIUM REAL ESTATE SOCIMI, S.A.",foncière/REIT,ESVUFR,B
ES0105429007,ES,95980053FHNBKGSVVL41,"TORIMBIA SOCIMI, S.A.",foncière/REIT,ESVUFR,B
ES0105432001,ES,959800H366JSLNUMBK21,"LAFINCA GLOBAL ASSETS SOCIMI, S.A.",foncière/REIT,ESVUFR,B
ES0105436002,ES,959800C1F93U3X8UPF46,"GREENOAK SPAIN HOLDINGS SOCIMI II, S.A.",foncière/REIT,ESVUFR,B
ES0105445003,ES,529900MXP658NTRI6S63,"MISTRAL IBERIA REAL ESTATE SOCIMI, S.A.",foncière/REIT,ESVUFR,B
ES0105448007,ES,894500UVDHRPSXBSDU17,"ADVERO PROPERTIES SOCIMI, S.A.",foncière/REIT,ESVUFR,B
ES0105465001,ES,959800JBH872JK8W8E44,"HOME CAPITAL RENTALS SOCIMI, S.A.",foncière/REIT,ESVUFR,B
ES0105475000,ES,9598002JNGHR04E5GU84,"NEXTPOINT CAPITAL SOCIMI, S.A.",foncière/REIT,ESVUFR,B
ES0105478004,ES,959800YBRTJD5Q1GVJ05,AGP Malaga Socimi SA SHRS,foncière/REIT,ESVUFR,B
ES0105479002,ES,959800QJ8154Y145FY59,Iante Investments Socimi SA SHRS,foncière/REIT,ESVUFR,B
ES0105482006,ES,9598009WYJNP1T9ZZ629,"GAVARI PROPERTIES SOCIMI, S.A.",foncière/REIT,ESVUFR,B
ES0105486007,ES,959800985EMZTMRJAJ91,Aroca Del Pinar Socimi SA SHRS,foncière/REIT,ESVUFR,B
ES0105490009,ES,959800F8B0AUGTU82803,ORBIS PROPERTIES,foncière/REIT,ESVUFR,B
ES0105495008,ES,959800MP8KRKCXHB9N98,"ALL IRON RE I SOCIMI, S.A.",foncière/REIT,ESVUFR,B
ES0105505004,ES,959800ZT9EC7YPWJEM16,RSR SINGULAR ASSETS EUROPE SOCIMI S.A.,foncière/REIT,ESVUFR,B
ES0105511002,ES,959800TXTLTZJQ4CCL18,Inmark Prime Socimi SAU SHRS,foncière/REIT,ESVUFR,B
ES0105534004,ES,959800XQTJ0E73WF4D19,Orinoquia Real Estate Socimi S SHRS,foncière/REIT,ESVUFR,B
ES0105536009,ES,959800GZMD080SGXMK86,"KTESIOS REAL ESTATE SOCIMI, S.A.",foncière/REIT,ESVUFR,B
ES0105537007,ES,959800NATLQD576R4Q86,Global Pielago Socimi SA SHRS,foncière/REIT,ESVUFR,B
ES0105550000,ES,959800VYNZ4TJUR5AW25,RES Gestae Socimi SA SHRS,foncière/REIT,ESVUFR,B
ES0105553004,ES,894500HRR6V5GXLJ7716,Faifey Invest Socimi SA SHRS,foncière/REIT,ESVUFR,B
ES0105556007,ES,959800P4VMSMJUBP5077,"INBEST PRIME VI INMUEBLES SOCIMI, S.A.",foncière/REIT,ESVUFR,B
ES0105557005,ES,959800HDA1J3WEG3XT16,INBEST PRIME VII INMUEBLES SOCIMI S.A.,foncière/REIT,ESVUFR,B
ES0105558003,ES,95980067SKTW0Z0BL567,"INBEST PRIME VIII INMUEBLES SOCIMI, S.A.",foncière/REIT,ESVUFR,B
ES0105559001,ES,959800E4WX9SMJXH3E20,Meridia RE IV Socimi SAU SHRS,foncière/REIT,ESVUFR,B
ES0105569000,ES,9598000WDB0FYAQRJS55,"SILICIUS REAL ESTATE SOCIMI, S.A.",foncière/REIT,ESVUFR,B
ES0105584009,ES,98450071598K9PF3A536,"MILEPRO LOGISITICA ULTIMA MILLA SOCIMI, S.A.",foncière/REIT,ESVUFR,B
ES0105586004,ES,959800E9KZM3SC10X493,Eurolog Canola Socimi SAU SHRS,foncière/REIT,ESVUFR,B
ES0105612008,ES,95980084F6AWSLM0UV17,Perseida Renta Gestion Socimi SHRS,foncière/REIT,ESVUFR,B
ES0105623005,ES,959800PBBKMJP5WHHD60,Vandor Real Estate Socimi SAU SHRS,foncière/REIT,ESVUFR,B
ES0105633004,ES,959800EJ2LEQTV090B71,IBI Lion Socimi SA SHRS,foncière/REIT,ESVUFR,B
ES0105651006,ES,959800UJFK6E570J6Z11,Sagax Real Estate Socimi SA SHRS,foncière/REIT,ESVUFR,B
ES0105653002,ES,959800SAT4F8U7TU6N35,"IRG10, SOCIMI, S.A.",foncière/REIT,ESVUFR,B
ES0105656005,ES,959800RK2HTT7354R570,"MATRITENSE REAL ESTATE SOCIMI, S.A.",foncière/REIT,ESVUFR,B
ES0105657003,ES,959800U1Y5JRHPSCC056,"INHOME PRIME PROPERTIES SOCIMI, S.A.",foncière/REIT,ESVUFR,B
ES0105658001,ES,959800H02KE1VAE0WM91,APODACA INVERSIONES INMOBILARIAS SOCIMI S.A.,foncière/REIT,ESVUFR,B
ES0105660007,ES,959800PRA3JDX3MJWU87,Core Spain Holdco Socimi SA SHRS,foncière/REIT,ESVUFR,B
ES0105661005,ES,959800EL6AQL0P3AUR03,Aref Thalassa Socimi SA SHRS,foncière/REIT,ESVUFR,B
ES0105665006,ES,959800Q7LV97E6G93E71,Promontoria Macc 1x1 Socimi SA SHRS,foncière/REIT,ESVUFR,B
ES0105680005,ES,959800GZHT0055R2VY09,"INBEST GPF MULTI-ASSET CLASS PRIME I SOCIMI, S.A.",foncière/REIT,ESVUFR,B
ES0105681003,ES,9598009ZB835V4P9TQ82,"INBEST GPF MULTI-ASSET CLASS PRIME II SOCIMI, S.A.",foncière/REIT,ESVUFR,B
ES0105682001,ES,959800YPYK59HFAD3T47,"INBEST GPF MULTI-ASSET CLASS PRIME III SOCIMI, S.A.",foncière/REIT,ESVUFR,B
ES0105683009,ES,9598009YYPNAK378XX86,"INBEST GPF MULTI-ASSET CLASS PRIME IV SOCIMI, S.A.",foncière/REIT,ESVUFR,B
ES0105685004,ES,959800FJZDS9GSACXS19,"EMPERADOR PROPERTIES SOCIMI, S.A.",foncière/REIT,ESVUFR,B
ES0105698007,ES,959800W5G7WR3MCY9U19,K Prime Capital Socimi SA SHRS,foncière/REIT,ESVUFR,B
ES0105707006,ES,959800VSK6Q3VLUD0288,MICISO REAL ESTATE SOCIMI S.A.,foncière/REIT,ESVUFR,B
ES0105726006,ES,9598005LG5YN4VBM7L26,Elix Rental Housing Socimi II SHRS,foncière/REIT,ESVUFR,B
ES0105740007,ES,9598004KBME3LWBDH008,Wellness Resorts Socimi SA SHRS,foncière/REIT,ESVUFR,B
ES0105745006,ES,959800BXSMKKDTRPDK14,"CUPULAS PROPERTIES SOCIMI, S.A.",foncière/REIT,ESVUFR,B
ES0105749008,ES,9598004D2T8THJ3AYF47,"INBEST GPF MULTI-ASSET CLASS PRIME V SOCIMI, S.A.",foncière/REIT,ESVUFR,B
ES0105751004,ES,959800X16M56NMQ3F995,"OLIMPO RETAIL GERMANY, SOCIMI, S.A.",foncière/REIT,ESVUFR,B
ES0105757019,ES,9598008AJS6EVJTTE348,"ALFIL PATRIMONIAL SOCIMI, S.A.",foncière/REIT,ESVUFR,B
ES0105761003,ES,9598003RDQYKBVKKW465,"SOLVENTO GROUP 2022 SOCIMI, S.A.",foncière/REIT,ESVUFR,B
ES0105765004,ES,959800HHN941HESQ5631,"ALQUILER SEGURO ASSET MARKET SOCIMI, S.A.",foncière/REIT,ESVUFR,B
ES0105766002,ES,959800TA7GPJZYF1FD03,"INBEST GPF MULTI-ASSET CLASS PRIME VIII SOCIMI, S.A.",foncière/REIT,ESVUFR,B
ES0105767000,ES,959800X52P080J7RNR98,"INBEST GPF MULTI-ASSET CLASS PRIME VII SOCIMI, S.A.",foncière/REIT,ESVUFR,B
ES0105768008,ES,959800X0AETRLUZX3S44,"INBEST GPF MULIT-ASSET CLASS PRIME VI SOCIMI, S.A.",foncière/REIT,ESVUFR,B
ES0105775003,ES,959800X338G8ABWYHQ54,"TECHO HOGAR SOCIMI SOCIEDAD DE BENEFICIO E INTERES COMUN, S.A.",foncière/REIT,ESVUFR,B
ES0105790002,ES,984500A1AB7479A01242,"NORDESTE PROPERTIES SOCIMI, S.A.",foncière/REIT,ESVUFR,B
ES0105791000,ES,95980010A9L4YBK8R247,"INMUEBLES EN ALQUILER RESYDENZA SOCIMI, S.A.",foncière/REIT,ESVUFR,B
ES0105797007,ES,959800QDUYEEUJLUGZ45,"ASHINGTON SOCIMI, S.A.",foncière/REIT,ESVUFR,B
ES0105798005,ES,959800BP12508ZQXMT23,"ROMANO SENIOR SOCIMI, S.A.",foncière/REIT,ESVUFR,B
ES0105806006,ES,9598004ZJTYTC6AZ9578,"WELLDER SENIOR ASSETS SOCIMI, S.A.",foncière/REIT,ESVUFR,B
ES0105807004,ES,959800PGNQBE3U5XQ396,Genesis Reit Socimi SA SHRS,foncière/REIT,ESVUFR,B
ES0105813002,ES,529900AE12IWXV9LZT56,"MISTRAL IBERIA REAL ESTATE SOCIMI II, S.A.",foncière/REIT,ESVUFR,B
ES0105816005,ES,959800XM1KCMNEF8QM39,"LAUTHON INVEST SOCIMI, S.A.",foncière/REIT,ESVUFR,B
ES0105851002,ES,959800FMXZS99KEW1G07,"STUDENT PROPERTY INCOME SOCIMI, S.A.",foncière/REIT,ESVUFR,B
ES0105883005,ES,529900T93OS19DUH6L77,"JHG DOMUS SOCIMI, S.A.",foncière/REIT,ESVUFR,B
ES0105886008,ES,9598003CZR8J34CD5B10,"GESRENTA BCN SOCIMI, S.A.",foncière/REIT,ESVUFR,B
ES0105889002,ES,959800EYQLLXGT5AK773,"INMOBILIARIA MARBELLA SOCIMI, S.A.",foncière/REIT,ESVUFR,B
ES0105910006,ES,959800KCEU913PR2ZR83,"SAJA REAL ESTATE SOCIMI, S.A",foncière/REIT,ESVUFR,B
ES0105961009,ES,959800MCF9ECHRLVC485,"GRUPO LAR RETAIL INVESTMENTS SOCIMI, S.A.",foncière/REIT,ESVUFR,B
ES0105962007,ES,959800KHY744Y2T8QH67,Vicso Invest Socimi SA SHRS,foncière/REIT,ESVUFR,B
ES0105963005,ES,9598007FTA02N7TMGT79,"MASA RENTAL SOCIMI, S.A.",foncière/REIT,ESVUFR,B
ES0105964003,ES,959800METMEJLJP3LC30,ES Vedra Properties Socimi SA SHRS,foncière/REIT,ESVUFR,B
ES0105968004,ES,959800PACFWM56J3AM07,"GREYMILE SOCIMI, S.A.",foncière/REIT,ESVUFR,B
ES0105976007,ES,959800XNR07UD3VB0120,"ALDICER RE SOCIMI, S.A.",foncière/REIT,ESVUFR,B
ES0105977005,ES,894500G4MO0CC2VVXZ53,MEDITERRANEAN REIT SOCIMI SA SHRS,foncière/REIT,ESVUFR,B
ES0106005004,ES,959800LSUCSQRXLLT224,"IBERVALLES HOTELES SOCIMI, S.A.",foncière/REIT,ESVUFR,B
ES0106007000,ES,529900241TQTI08UYN96,"INICIATIVAS FARO 2024 SOCIMI, S.A",foncière/REIT,ESVUFR,B
ES0106008008,ES,959800YFNCNQ4HY2CU40,"BIMMART INVESTMENT SOCIMI, S.A.",foncière/REIT,ESVUFR,B
ES0106036009,ES,529900Q2734ZMZGQ9B23,"GRUPO ANTAGÓN INVERSIONES INMOBILIARIAS 2025 SOCIMI, S.A.",foncière/REIT,ESVUFR,B
ES0106041009,ES,529900PHH3Z2A3W2TC91,"HQ AMÉRICA SOCIMI, S.A.",foncière/REIT,ESVUFR,B
ES0106057005,ES,959800XEZCX259KX8D04,"ECOINMO SPACES SOCIMI, S.A.",foncière/REIT,ESVUFR,B
ES0106059001,ES,9598000N53GA21LRGB52,"RENTAS NOBLEJAS 3 SOCIMI, S.A.",foncière/REIT,ESVUFR,B
ES0107511018,ES,959800SAE20XDL0WHZ71,"AHORRO FAMILIAR SOCIMI, S.A.",foncière/REIT,ESVUFR,B
ES0113211835,ES,K8MS7FD7N5Z2WQ51AZ71,Banco Bilbao Vizcaya Argentaria S.A.,banque,ESVUFR,A
ES0113860A34,ES,SI5RG2M0WQQLZCXKRM20,Banco de Sabadell SA,banque,ESVUFR,A
ES0113900J37,ES,5493006QMFDDMYWIAM13,Banco Santander SA,banque,ESVUFR,A
ES0131172001,ES,959800FAJPKU3N7GJZ05,"ENTRECAMPOS CUATRO SOCIMI, S.A.",foncière/REIT,ESVUFR,B
ES0139140174,ES,95980020140005007414,Colonial Sfl Socimi S.A.,foncière/REIT,ESVUFR,A
ES0170756037,ES,9598009KWWS759DZAH45,"PREVISIÓN SANITARIA NACIONAL GESTIÓN SOCIMI, S.A.",foncière/REIT,ESVUFR,B
ES0173358039,ES,213800IMKAUV5KW28586,Renta 4 Banco SA,banque,ESVUFR,A
ES0180907000,ES,5493007SJLLCTM6J6M37,Unicaja Banco SA,banque,ESVUFR,A
FI4000058870,FI,743700GC62JLHFBUND16,Aktia Bank Oyj,banque,ESVUFR,A
FI4000170915,FI,743700VK1NB8HRGTQH74,Alisa Bank Plc,banque,ESVUFR,A
FI4000297767,FI,529900ODI3047E2LIV03,Nordea Bank Abp,banque,ESVUFR,A
FI4000349113,FI,529900C4P88APHFZ5H47,Ovaro Kiinteistosijoitus Oyj,foncière/REIT,ESVUFR,A
GRS003003035,GR,5UMCZOEYKCVFAW8ZLO05,National Bank of Greece S.A. Namens-Aktien EO 1,banque,ESVUFR,A
GRS004013009,GR,529900SL3K21WAN6X611,"Bank of Greece Namens-Aktien EO 5,60",banque,ESVUFR,A
GRS433003019,GR,213800USGL7Q5UR9M221,ALPHA  TRUST-ANDROMEDA INVESTMENT TRUST S.A. (CR),fonds/SICAV/inv.,ESVUFR,A
GRS533003000,GR,2138008NSD1X1XFUK750,"Optima Bank S.A. Namens-Aktien EO 1,15",banque,ESVUFR,A
GRS535003008,GR,213800DTEZE6R8BZ9K19,ORILINA PROPERTIES R.E.I.C. (CR),foncière/REIT,ESVUFR,A
GRS805003001,GR,213800LR8NQK1YISMU92,"Interlife General Insurance Co Namens-Aktien EO -,59",assurance,ESVUFR,A+B
GRS825003007,GR,21380021FCT2YAMHG127,CONTRACT INSURANCE AND FINANCIAL SERVICES S.A.,assurance,ESVUFR,B
GRS830003000,GR,213800DBQIB6VBNU5C64,"Alpha Bank S.A. Namens-Aktien EO-,29",banque,ESVUFR,A
GRS831003009,GR,213800OYHR1MPQ5VJL60,"Piraeus Bank SA Namens-Aktien EO 0,93",banque,ESVUFR,A
HRIKBARA0008,HR,213800SRX7OTZCOYXQ97,ISTARSKA KREDITNA BANKA UMAG d.d.,banque,ESVUFR,A
HRKBZ0RA0005,HR,549300XIM24KBQS8HU64,AGRAM BANKA d.d.,banque,ESVUFR,A
HRPDBARA0008,HR,529900LSO9YYPL05B152,PODRAVSKA BANKA d.d.,banque,ESVUFR,A
HRSNBARA0003,HR,54930031QFC4ME17BK12,SLATINSKA BANKA d.d.,banque,ESVUFR,A
HRZABARA0009,HR,PRNXTNXHBI0TSY1V8P17,Zagrebacka banka d.d.,banque,ESVUFR,A
HU0000094149,HU,549300423T3ZCEZ1PP02,Granit Bank Nyrt SHRS,banque,ESVUFR,A
HU0000139761,HU,3H0Q3U74FVFED2SHZT16,MBH Bank Nyrt. Namens-Akt. UF 1000,banque,ESVUFR,A
HU0000201678,HU,529900DX58JSJHLKEA56,BIGGEORGE PROPERTY NYRT,foncière/REIT,ESVUFR,B
IE00BD1RP616,IE,635400C8EK6DRI12LJ39,Bank of Ireland Group PLC,banque,ESVUFR,A
IE00BD5B1Y92,IE,635400L14KNHZXPUZM19,"Bank of Cyprus Holdings PLC Registered Shares EO -,10",banque,ESVUFR,A
IE00BD6JX574,IE,635400QUQ2YYGMOAK834,Glenveagh Properties PLC,foncière/REIT,ESVUFR,A
IE00BJ34P519,IE,635400EOPACLULRENY18,Irish Residential Properties REIT PLC,foncière/REIT,ESVUFR,A
IT0000066123,IT,N747OI7JINV7RUUH6190,Bper Banca,banque,ESVUFR,A
IT0000066180,IT,8156004110BB8D445B46,Brioschi Sviluppo Immobiliare SpA,foncière/REIT,ESVUFR,A
IT0000072170,IT,549300L7YCATGO57ZE10,FinecoBank Banca Fineco SpA,banque,ESVUFR,A
IT0001031084,IT,815600903231FA2E7698,Banca Generali SpA,banque,ESVUFR,A
IT0001041000,IT,81560026D234790EB288,Banco di Desio e della Brianza SpA,banque,ESVUFR,A
IT0003173629,IT,815600B5C61A10BBB451,Banca Sistema SpA,banque,ESVUFR,A
IT0003188064,IT,8156005420362AE59184,Banca IFIS SpA,banque,ESVUFR,A
IT0004776628,IT,7LVZJ6XRIE7VNZ4UBX81,Banca Mediolanum SpA,banque,ESVUFR,A
IT0005023038,IT,815600C51E545058C757,Gabetti Property Solutions SpA,foncière/REIT,ESVUFR,A
IT0005218380,IT,815600E4E6DCD2D25E30,Banco BPM,banque,ESVUFR,A
IT0005244402,IT,815600522538355AE429,Banca Farmafactoring SpA,banque,ESVUFR,A
IT0005322612,IT,815600CF8C0389D0E272,Immobiliare Grande Distribuzione SIIQ SpA,foncière/REIT,ESVUFR,A
IT0005508921,IT,J4CP7MHCXR8DAQMKIL78,Banca Monte dei Paschi di Siena SpA,banque,ESVUFR,A
IT0005513202,IT,815600BF2EA41687F764,REVO INSURANCE,assurance,ESVUFR,A
IT0005704439,IT,RRAN7P32P0W0YY4XQW79,Banca Profilo SpA,banque,ESVUFR,A
MT0000020116,MT,529900RWC8ZYB066JF16,Bank Of Valletta Plc Ordinary Shares EUR1.00,banque,ESVUFR,A
MT0000030107,MT,549300X34UUBDEUL1Z91,Hsbc Bank Malta Ordinary Shares EUR0.30,banque,ESVUFR,A
MT0000040106,MT,529900UIRB65OY6U4B21,Lombard Bank (Malta) Plc Ordinary Shares EUR0.125,banque,ESVUFR,A
MT0000170119,MT,213800RJG2OCEN9KIW48,LifeStar Insurance Plc Ordinary Shares EUR0.1414779585,assurance,ESVUFR,A
MT0000990102,MT,213800CA296B6BI7MG51,Malta Properties Company plc Ordinary Shares EUR0.32,foncière/REIT,ESVUFR,A
MT0002120112,MT,485100A1WBOSGJKWHT04,Best Deal Properties Holding Plc Ordinary Shares EUR0.10,foncière/REIT,ESVUFR,B
MT0002500115,MT,213800A1O379I6DMCU10,APS Bank plc Ordinary Shares EUR0.25,banque,ESVUFR,A
NL0015000K93,NL,724500SFK53FPNM68L95,Eurocommercial Properties N.V.,foncière/REIT,ESVUFR,A
NO0010161896,NO,549300GKFG0RYRRQ1414,DNB BANK,banque,ESVUFR,A+B
NO0010167331,NO,5967007LIEEXZX90NS38,LEA BANK ASA,banque,ESVUFR,B
NO0010397581,NO,5967007LIEEXZX75J484,Pareto Bank ASA,banque,ESVUFR,A+B
NO0010810476,NO,213800T94A9GIDXI2C20,BALTIC SEA PROPERTIES,foncière/REIT,ESVUFR,B
NO0010815103,NO,549300GTNWP8MOCFB082,KRAFT BANK ASA,banque,ESVUFR,B
NO0013685750,NO,213800HELCJXXWXSP608,BLACK SEA PROPERTY,foncière/REIT,ESVUFR,B
PTBCP0AM0015,PT,JU1U6S0DG9YLT7N8ZV32,Banco Comercial Portugues SA,banque,ESVUFR,A
ROBACRACNOR6,RO,54930034L83M3E7JWI25,"Patria Bank S.A. Nam.-Akt. LN -,10",banque,ESVUFR,A
ROJ8YZPDHWW8,RO,254900MLAOUEFANMAD86,ONE UNITED PROPERTIES,foncière/REIT,ESVUFR,A
ROSDB8LKFR41,RO,787200HFRVOHCUQZUB30,STK PROPERTIES S.A.,foncière/REIT,ESVUFR,B
ROTLVAACNOR1,RO,549300RG3H390KEL8896,Banca Transilvania S.A. Nam.-Akt. LN 10,banque,ESVUFR,A
ROV1FB29MU02,RO,787200WYTZDL2D67V730,Millenium Insurance Broker (MIB) Broker de Asigurare-Reasigurare,assurance,ESVUFR,B
SE0001634262,SE,549300G3VF7LZQ9IW435,Dios Fastigheter AB,foncière/REIT,ESVUFR,A
SE0004977692,SE,5493009KPII4BZE70820,Platzer Fastigheter Holding AB,foncière/REIT,ESVUFR,A
SE0005034550,SE,213800QBPS3L89U9TZ44,Neobo Fastigheter AB,foncière/REIT,ESVUFR,A
SE0005704079,SE,549300BC7XJSPPFZ8J72,Kallebäck Property Invest AB,foncière/REIT,ESVUFR,B
SE0006342333,SE,549300MGVITW8GYJHZ50,NP3 Fastigheter AB,foncière/REIT,ESVUFR,A
SE0006543344,SE,5493003YS3NSPZJ5WU39,Stendorren Fastigheter AB,foncière/REIT,ESVUFR,A
SE0007184189,SE,549300EJ67GY3FS4IN91,Genova Property Group AB,foncière/REIT,ESVUFR,A
SE0008347652,SE,5493002JE0BBAIJ06O61,Brinova Fastigheter AB ser. B,foncière/REIT,ESVUFR,A
SE0009155211,SE,549300FXNGSWZ8ODDK47,Solnaberg Property AB,foncière/REIT,ESVUFR,B
SE0010520254,SE,549300Q62J8QZJ5TGJ71,K2A Knaust & Andersson Fastighetet AB,foncière/REIT,ESVUFR,A
SE0010714279,SE,213800CHXQQD7TSS1T59,Corem Property Group AB,foncière/REIT,ESVUFR,A
SE0011426428,SE,5493000YR2B83SILCJ50,Altra Fastigheter AB ,foncière/REIT,ESVUFR,A
SE0012454072,SE,549300MBWR5H8SIJLE03,Avanza Bank Holding AB,banque,ESVUFR,A
SE0012481364,SE,549300UP4ZA93HCPRZ59,John Mattson Fastighetsforetagen AB,foncière/REIT,ESVUFR,A
SE0013042561,SE,549300597G8EJWW4V667,Fleming Properties AB SHRS,foncière/REIT,ESVUFR,B
SE0014608915,SE,549300H8ZDTNCZ8PPJ25,Fortinova Fastigheter AB ser. B,foncière/REIT,ESVUFR,A
SE0014956819,SE,5493006RHHJRIC7ITL87,Stenhus Fastigheter i Norden AB,foncière/REIT,ESVUFR,A
SE0015221684,SE,5493001IZXU12M8NYV95,Annehem Fastigheter AB ser. B,foncière/REIT,ESVUFR,A
SE0016785786,SE,5493004EO7GR5U8PRK21,Fastighetsbolaget Emilshus AB ser. B,foncière/REIT,ESVUFR,A
SE0016829790,SE,549300E3NHIX7388LE79,Preservium Property AB SHRS,foncière/REIT,ESVUFR,B
SE0017083272,SE,549300HXIG611R7YBT33,Nivika Fastigheter AB ser. B,foncière/REIT,ESVUFR,A
SE0017565476,SE,254900AWRHP1QNE6OQ19,Swedish Logistic Property AB,foncière/REIT,ESVUFR,A
SE0017831795,SE,529900AGWAKUTYNETM62,Norion Bank AB,banque,ESVUFR,A
SE0017911480,SE,549300B1UZTBDU27UJ88,Heba Fastighets AB,foncière/REIT,ESVUFR,A
SE0018012411,SE,254900MYZTNVBEN5HN98,Slottsviken Fastighetsaktiebol SHRS,foncière/REIT,ESVUFR,B
SE0018012635,SE,549300RC1YDJPITF8X06,Wihlborgs Fastigheter AB,foncière/REIT,ESVUFR,A
SE0018534471,SE,549300ZR5SKO2SUDZ692,Tingsvalvet Fastighets AB ser. A,foncière/REIT,ESVUFR,B
SE0022062055,SE,636700IALCXDTVXING25,Prisma Properties AB,foncière/REIT,ESVUFR,A
SE0023135298,SE,21380057HUGFEAF25W84,NOBA Bank Group AB,banque,ESVUFR,A
SE0023261300,SE,984500E137EF5A5E0F05,Lea Bank AB,banque,ESVUFR,B
SE0025197619,SE,549300DGTCVHL640S069,Logistri Fastighets AB SHRS,foncière/REIT,ESVUFR,B
SE0025666969,SE,529900BGZZZTLLBR1X49,Avarda Bank AB,banque,ESVUFR,A
SE0026852725,SE,9845009C8D6CC754F846,Morrow Bank AB,banque,ESVUFR,A
SE0028799411,SE,636700M0RW88QPM7RG19,PPI Public Property Invest AB,foncière/REIT,ESVUFR,A+B
SK1110001437,SK,549300JB1P61FUTPEZ75,"Vseobecna uverova banka, a.s.",banque,ESVUFR,B
SK1110001502,SK,3157002JBFAI478MD587,"Tatra banka, a.s.",banque,ESVUFR,A
SK1110015510,SK,3157002JBFAI478MD587,"Tatra banka, akciova spolocnost",banque,ESVUFR,A
LU0720694636,LU,959800QLN27ZHMRSEL44,"SAINT CROIX HOLDING IMMOBILIER, SOCIMI, S.A.",foncière/REIT,ESXXXR,B
NL0013025539,NL,549300HI3464J8OIIZ26,DD Income Fund A,fonds/SICAV/inv.,ESXXXX,B
NL0013087968,NL,724500C17UZL2NC2DE67,TRIODOS FAIR SHARE FUND,fonds/SICAV/inv.,ESXXXX,A
