mic,pays_venue,total_isin,meme_pays,part_hors_pays_pct,detail_top5
XNCO,PL,341,338,0.9,"{""PL"": 338, ""NL"": 1, ""BG"": 1, ""CY"": 1}"
SSME,SE,316,307,2.8,"{""SE"": 307, ""FI"": 4, ""DK"": 3, ""MT"": 2}"
DNSE,SE,306,297,2.9,"{""SE"": 297, ""FI"": 4, ""DK"": 3, ""MT"": 2}"
MNSE,SE,306,297,2.9,"{""SE"": 297, ""FI"": 4, ""DK"": 3, ""MT"": 2}"
XCAN,RO,257,240,6.6,"{""RO"": 240, ""DE"": 15, ""PL"": 1, ""CY"": 1}"
ALXP,FR,255,234,8.2,"{""FR"": 234, ""ES"": 8, ""IT"": 7, ""BE"": 4, ""NL"": 2}"
EXGM,IT,205,202,1.5,"{""IT"": 202, ""ES"": 1, ""FR"": 1, ""GR"": 1}"
DUSD,DE,183,102,44.3,"{""DE"": 102, ""IE"": 33, ""NL"": 25, ""LU"": 11, ""IT"": 4}"
DOSE,SE,166,2,98.8,"{""NO"": 154, ""CY"": 4, ""DK"": 3, ""SE"": 2, ""BE"": 1}"
MOSE,SE,166,2,98.8,"{""NO"": 154, ""CY"": 4, ""DK"": 3, ""SE"": 2, ""BE"": 1}"
ONSE,SE,166,2,98.8,"{""NO"": 154, ""CY"": 4, ""DK"": 3, ""SE"": 2, ""BE"": 1}"
XSAT,SE,131,129,1.5,"{""SE"": 129, ""MT"": 1, ""DK"": 1}"
XMLI,FR,129,68,47.3,"{""FR"": 68, ""ES"": 45, ""IT"": 5, ""BE"": 4, ""NL"": 3}"
GROW,ES,112,111,0.9,"{""ES"": 111, ""BG"": 1}"
NSME,SE,87,87,0.0,"{""SE"": 87}"
XECM,CY,81,68,16.0,"{""CY"": 68, ""GR"": 11, ""NL"": 1, ""MT"": 1}"
MBUL,BG,74,73,1.4,"{""BG"": 73, ""CY"": 1}"
MERK,NO,70,59,15.7,"{""NO"": 59, ""CY"": 3, ""MT"": 2, ""NL"": 2, ""SE"": 2}"
SCLE,ES,52,50,3.8,"{""ES"": 50, ""PT"": 1, ""LU"": 1}"
FSME,FI,45,45,0.0,"{""FI"": 45}"
DNFI,FI,44,44,0.0,"{""FI"": 44}"
MNFI,FI,44,44,0.0,"{""FI"": 44}"
FRAS,DE,42,40,4.8,"{""DE"": 40, ""AT"": 1, ""IT"": 1}"
XETS,DE,40,38,5.0,"{""DE"": 38, ""AT"": 1, ""IT"": 1}"
XPRM,CZ,38,11,71.1,"{""CZ"": 11, ""AT"": 10, ""DE"": 5, ""PL"": 3, ""NL"": 3}"
XRMO,CZ,29,21,27.6,"{""CZ"": 21, ""DE"": 3, ""AT"": 1, ""SK"": 1, ""FI"": 1}"
WBDM,AT,29,4,86.2,"{""DE"": 7, ""IT"": 6, ""NL"": 5, ""AT"": 4, ""IE"": 3}"
DSME,DK,27,27,0.0,"{""DK"": 27}"
DNDK,DK,24,24,0.0,"{""DK"": 24}"
MNDK,DK,24,24,0.0,"{""DK"": 24}"
XTND,HU,21,20,4.8,"{""HU"": 20, ""NL"": 1}"
GBUL,BG,17,17,0.0,"{""BG"": 17}"
ENXL,PT,15,13,13.3,"{""PT"": 13, ""ES"": 2}"
ENAX,GR,13,9,30.8,"{""GR"": 9, ""CY"": 4}"
NPEX,NL,12,12,0.0,"{""NL"": 12}"
WBDP,AT,12,9,25.0,"{""AT"": 9, ""IT"": 2, ""DE"": 1}"
FNEE,EE,11,11,0.0,"{""EE"": 11}"
JBUL,BG,8,0,100.0,"{""IE"": 4, ""DK"": 1, ""DE"": 1, ""NL"": 1, ""IT"": 1}"
MLXB,BE,8,7,12.5,"{""BE"": 7, ""NL"": 1}"
XESM,IE,8,8,0.0,"{""IE"": 8}"
ALXB,BE,7,7,0.0,"{""BE"": 7}"
EBRA,SK,6,6,0.0,"{""SK"": 6}"
EMTF,LU,6,5,16.7,"{""LU"": 5, ""FR"": 1}"
FNIS,IS,5,3,40.0,"{""IS"": 3, ""NO"": 2}"
FNLV,LV,5,5,0.0,"{""LV"": 5}"
SPDK,SE,5,0,100.0,"{""DK"": 5}"
FNLT,LT,3,2,33.3,"{""LT"": 2, ""EE"": 1}"
XZAP,HR,3,3,0.0,"{""HR"": 3}"
MNIS,IS,2,0,100.0,"{""NO"": 2}"
XLJM,SI,2,2,0.0,"{""SI"": 2}"
XACD,IE,1,1,0.0,"{""IE"": 1}"
PROS,MT,1,1,0.0,"{""MT"": 1}"
SPNO,SE,1,0,100.0,"{""NO"": 1}"
ALXL,PT,1,1,0.0,"{""PT"": 1}"
ARTX,LI,1,0,100.0,"{""LU"": 1}"
